Fe V ,1200.183    ,5.0e+07 
Fe II ,1200.477    ,5.e+06 
Al V ,1200.56     ,5.41e+07 
Fe II ,1200.889    ,2.3e+07 
Ni V ,1200.939    ,8.41e+07 
S III ,1200.970    ,6.62e+07 
Ni V ,1201.0770   ,5.12e+08 
Mn II ,1201.124    ,5.4e+08 
Ni V ,1201.189    ,9.20e+07 
Ni V ,1201.316    ,2.13e+08 
Cl I ,1201.353    ,2.39e+08 
Fe II ,1201.415    ,1.6e+07 
Fe II ,1201.506    ,9.e+06 
Fe II ,1201.548    ,1.4e+07 
Mn II ,1201.57     ,1.0e+08 
Ni V ,1201.586    ,5.49e+08 
Ni V ,1201.636    ,1.10e+09 
Fe II ,1201.651    ,8.e+06 
S III ,1201.730    ,1.36e+07 
Ni V ,1201.752    ,8.37e+07 
Ni V ,1201.826    ,6.14e+07 
Ni V ,1201.849    ,2.53e+08 
Al V ,1202.00     ,5.59e+07 
Ni V ,1202.032    ,6.35e+08 
S III ,1202.120    ,1.36e+06 
Ni V ,1202.2610   ,3.96e+08 
Ni V ,1202.419    ,5.52e+07 
Ni V ,1203.278    ,5.64e+08 
Ni V ,1203.278    ,1.73e+08 
Ni V ,1203.307    ,3.90e+08 
Ni V ,1203.354    ,2.00e+08 
Ni V ,1203.7730   ,1.08e+09 
S II ,1203.861    ,3.68e+06 
Ni V ,1203.864    ,2.38e+08 
Fe II ,1204.029    ,1.0e+07 
Fe II ,1204.029    ,1.1e+07 
S II ,1204.290    ,5.91e+07 
S II ,1204.335    ,5.79e+07 
Al IV ,1204.722    ,1.42e+07 
Ni V ,1204.7250   ,5.01e+07 
S II ,1204.735    ,4.79e+06 
Fe II ,1204.755    ,7.e+06 
Fe II ,1205.118    ,3.6e+07 
Ni V ,1205.3060   ,4.46e+08 
Ni V ,1205.4450   ,3.53e+08 
Fe II ,1205.533    ,7.e+06 
Ni V ,1205.5510   ,2.54e+08 
Ni V ,1205.796    ,1.25e+07 
Ni V ,1205.796    ,4.71e+07 
Ni V ,1205.951    ,3.41e+08 
Fe II ,1205.994    ,4.1e+07 
Si III ,1206.51     ,2.55e+09 
Si III ,1206.53     ,4.17e+09 
Ni V ,1207.3380   ,4.78e+08 
Fe II ,1207.355    ,5.e+06 
Ni V ,1207.388    ,6.00e+07 
Ni V ,1207.388    ,2.24e+08 
Ni V ,1207.446    ,1.45e+08 
Si III ,1207.52     ,2.43e+09 
Ni V ,1207.630    ,2.94e+07 
Fe II ,1207.889    ,7.e+07 
Ni V ,1207.984    ,4.38e+07 
Ni V ,1207.984    ,2.01e+07 
Ni V ,1208.205    ,4.83e+07 
Fe II ,1208.230    ,5.e+06 
Fe V ,1208.257    ,5.3e+07 
Ni V ,1208.261    ,1.38e+07 
Fe VII ,1208.375    ,5.8e+08 
Al IV ,1208.401    ,2.86e+07 
Fe II ,1208.847    ,2.1e+07 
Ni V ,1208.903    ,3.43e+08 
Ni V ,1208.961    ,2.99e+08 
Fe II ,1208.995    ,2.3e+07 
Ni V ,1209.094    ,3.12e+08 
Al II ,1209.1914   ,2.51e+07 
Ni V ,1209.220    ,1.57e+08 
Ni V ,1209.426    ,1.31e+07 
Fe II ,1209.508    ,5.e+06 
Ni V ,1209.602    ,7.67e+08 
Ni V ,1209.767    ,3.57e+08 
Ni V ,1209.767    ,2.98e+08 
Fe II ,1209.930    ,6.e+06 
Al II ,1210.0817   ,7.47e+07 
Ni V ,1210.3990   ,5.35e+08 
Si III ,1210.46     ,1.60e+09 
Ni V ,1210.505    ,7.26e+07 
Ni V ,1210.505    ,3.06e+08 
Ni V ,1210.505    ,1.44e+08 
Ni V ,1210.505    ,2.84e+08 
Ni V ,1210.505    ,2.43e+08 
Ni V ,1210.634    ,4.06e+07 
Ni V ,1210.7400   ,7.72e+07 
Ni V ,1210.795    ,1.91e+08 
Fe II ,1210.811    ,4.7e+06 
Mg IV ,1210.967    ,3.79e+08 
Fe II ,1211.272    ,3.1e+07 
Ni V ,1211.444    ,4.57e+08 
Al IV ,1211.724    ,1.41e+08 
Al II ,1211.8983   ,1.24e+08 
Fe II ,1211.986    ,7.e+06 
Ni V ,1211.995    ,1.05e+08 
Ni V ,1212.471    ,3.28e+07 
Ni V ,1212.589    ,1.34e+08 
Ni V ,1212.589    ,4.42e+08 
Ni V ,1212.7780   ,4.94e+08 
Ni V ,1212.886    ,1.71e+08 
Fe II ,1212.961    ,5.e+06 
Fe II ,1213.090    ,3.7e+07 
Fe II ,1213.132    ,1.1e+07 
Ni V ,1213.234    ,8.04e+07 
Fe II ,1213.412    ,6.e+06 
Al V ,1213.48     ,2.17e+08 
Ni V ,1213.586    ,1.11e+08 
Fe II ,1213.749    ,1.7e+07 
Fe II ,1213.749    ,1.7e+07 
Ni V ,1213.856    ,1.74e+08 
Ni V ,1213.940    ,3.55e+08 
Fe II ,1214.150    ,2.0e+07 
Ni V ,1214.161    ,6.68e+08 
Ni V ,1214.161    ,5.33e+07 
Fe II ,1214.398    ,6.e+06 
Ni V ,1214.407    ,1.06e+09 
Ni V ,1214.5890   ,3.23e+08 
Fe V ,1214.711    ,6.7e+07 
Ni V ,1215.071    ,6.31e+08 
Ni V ,1215.071    ,2.22e+08 
Ni V ,1215.2760   ,2.85e+08 
Ni V ,1216.149    ,3.06e+08 
Ni V ,1216.537    ,4.41e+07 
Al IV ,1216.723    ,5.05e+08 
Fe II ,1216.844    ,7.e+06 
Ni V ,1217.061    ,2.50e+08 
Ni V ,1217.1050   ,8.74e+08 
Ni V ,1217.501    ,4.85e+07 
Ni V ,1217.570    ,1.17e+08 
Ni V ,1217.570    ,1.21e+08 
Ni V ,1217.7560   ,6.48e+08 
Fe V ,1217.993    ,8.9e+07 
Ni V ,1218.060    ,3.41e+07 
Fe II ,1218.212    ,9.e+06 
Fe II ,1218.460    ,1.0e+07 
Ni V ,1218.725    ,4.28e+07 
Fe II ,1218.808    ,7.e+06 
Mg IV ,1218.992    ,2.25e+08 
Al IV ,1219.171    ,3.06e+08 
Fe II ,1219.798    ,1.1e+08 
Ni V ,1219.886    ,5.25e+07 
Ni V ,1220.317    ,1.34e+08 
Al IV ,1220.546    ,5.47e+08 
Ni V ,1220.836    ,6.09e+07 
Ni V ,1220.879    ,3.66e+07 
Mg IV ,1220.900    ,3.25e+08 
Ni V ,1221.113    ,1.08e+08 
Ni V ,1221.692    ,1.53e+08 
Ni V ,1221.871    ,6.43e+07 
Ni V ,1222.190    ,2.78e+08 
Mn II ,1222.785    ,4.7e+08 
Ni V ,1222.789    ,2.46e+08 
Ni V ,1223.205    ,1.95e+08 
Ni V ,1223.391    ,1.67e+08 
Ni V ,1223.445    ,1.17e+09 
Fe II ,1223.624    ,5.e+06 
Ni V ,1223.686    ,3.11e+08 
Fe II ,1224.130    ,1.3e+08 
Si II ,1224.25     ,6.72e+08 
Ni V ,1224.337    ,2.44e+08 
Fe V ,1224.417    ,7.0e+06 
Ni V ,1224.5630   ,2.56e+08 
Mn II ,1224.733    ,3.9e+08 
Ni V ,1224.7580   ,1.55e+08 
Ni V ,1224.877    ,7.81e+08 
Ni V ,1224.9470   ,3.99e+08 
Si II ,1224.97     ,4.39e+08 
Ni V ,1225.1130   ,8.87e+08 
Al IV ,1225.236    ,1.38e+07 
Ni V ,1226.2740   ,2.04e+08 
Mn II ,1226.40     ,3.e+08 
Fe VII ,1226.653    ,2.7e+08 
S IV ,1226.703    ,7.45e+06 
S II ,1226.706    ,7.30e+06 
Si II ,1226.81     ,2.77e+09 
S IV ,1226.868    ,2.17e+07 
Si II ,1226.89     ,6.55e+08 
Si II ,1226.99     ,1.39e+09 
Ni V ,1227.060    ,8.90e+07 
Ni V ,1227.1880   ,1.11e+09 
S II ,1227.408    ,3.31e+06 
Ni V ,1227.483    ,2.30e+07 
S IV ,1227.529    ,2.21e+07 
Si II ,1227.60     ,1.46e+09 
Mn II ,1227.638    ,4.e+08 
Ni V ,1228.1670   ,7.61e+07 
Al IV ,1228.310    ,2.21e+08 
Mn II ,1228.423    ,5.e+08 
Ni V ,1228.4320   ,2.99e+08 
Si II ,1228.44     ,5.53e+08 
Fe II ,1228.521    ,1.4e+08 
Si II ,1228.62     ,1.77e+09 
Si II ,1228.75     ,2.32e+09 
Fe II ,1228.756    ,1.3e+07 
Mg IV ,1229.066    ,7.49e+07 
S IV ,1229.110    ,6.52e+07 
Mg III ,1229.389    ,5.72e+07 
Si II ,1229.39     ,2.25e+09 
Ni V ,1229.397    ,4.59e+08 
Ni V ,1229.397    ,7.52e+08 
S IV ,1229.414    ,7.24e+07 
Ni V ,1229.684    ,5.23e+07 
Al IV ,1229.908    ,5.40e+07 
Ni V ,1230.070    ,4.25e+08 
Ni V ,1230.439    ,1.09e+09 
S V ,1230.507    ,2.34e+09 
Fe II ,1230.594    ,2.8e+07 
Ni V ,1230.735    ,8.24e+07 
Ni V ,1230.825    ,1.20e+08 
Ni V ,1230.885    ,2.71e+08 
Ni V ,1231.034    ,1.06e+08 
Ni V ,1231.089    ,2.20e+08 
Fe II ,1231.165    ,1.2e+07 
S IV ,1231.486    ,1.48e+07 
Fe II ,1231.504    ,1.0e+07 
S IV ,1231.658    ,2.95e+07 
Ni V ,1231.8810   ,6.46e+08 
Fe II ,1232.158    ,2.4e+07 
Ni V ,1232.346    ,1.68e+07 
Ni V ,1232.521    ,3.99e+08 
Ni V ,1232.521    ,1.46e+08 
Ni V ,1232.8080   ,8.45e+08 
Ni V ,1232.971    ,1.10e+09 
Ni V ,1233.124    ,3.08e+07 
Ni V ,1233.124    ,1.71e+08 
Ni V ,1233.273    ,6.39e+08 
Ni V ,1233.329    ,5.25e+08 
S II ,1233.440    ,1.74e+06 
Ni V ,1233.501    ,6.95e+08 
Ni V ,1233.601    ,2.90e+07 
Ni V ,1233.601    ,1.16e+08 
Fe II ,1233.658    ,3.8e+07 
Ni V ,1233.855    ,1.72e+08 
Ni V ,1233.889    ,4.17e+08 
Mn II ,1233.952    ,7.e+08 
S II ,1234.157    ,9.54e+06 
Ni V ,1234.172    ,8.77e+08 
Ni V ,1234.263    ,5.03e+07 
Ni V ,1234.3980   ,8.47e+08 
Ni V ,1234.5850   ,4.34e+08 
Fe V ,1234.648    ,7.0e+08 
Ni V ,1234.703    ,2.78e+08 
Mn II ,1234.871    ,6.e+08 
Mn II ,1235.27     ,1.e+08 
Ni V ,1235.311    ,3.02e+07 
Si III ,1235.43     ,2.77e+09 
Ni V ,1235.436    ,2.04e+08 
Mn II ,1235.46     ,6.e+08 
Ni V ,1235.770    ,1.92e+08 
Mn II ,1235.79     ,2.e+08 
Ni V ,1235.8380   ,8.17e+08 
Mn II ,1235.87     ,5.5e+08 
Mg IV ,1235.873    ,7.04e+08 
Mn II ,1236.15     ,7.e+08 
Mn VI ,1236.230    ,1.3e+09 
Ni V ,1236.274    ,5.80e+08 
Ni V ,1236.274    ,5.07e+08 
Ni V ,1236.274    ,6.53e+07 
Fe II ,1236.462    ,8.e+06 
Ni V ,1236.670    ,8.56e+07 
Ni V ,1236.702    ,9.37e+08 
Mg IV ,1236.936    ,3.88e+08 
Ni V ,1237.126    ,2.19e+07 
Al IV ,1237.187    ,1.96e+09 
Ni V ,1237.2060   ,5.93e+08 
Ni V ,1237.335    ,3.72e+08 
Al IV ,1237.744    ,9.48e+06 
Ni V ,1237.979    ,1.90e+08 
Ni V ,1238.118    ,8.58e+08 
Ni V ,1238.216    ,1.99e+08 
Fe II ,1238.255    ,2.3e+07 
Ni V ,1238.555    ,2.56e+08 
Ni V ,1238.644    ,3.52e+07 
Ni V ,1238.705    ,4.71e+08 
Ni V ,1238.969    ,5.62e+07 
Ni V ,1239.058    ,1.59e+08 
Fe II ,1239.255    ,1.7e+07 
Ni V ,1239.556    ,3.13e+08 
Ni V ,1239.671    ,9.61e+08 
Fe VII ,1239.690    ,6.2e+08 
Ni V ,1239.776    ,1.74e+08 
Mg III ,1239.827    ,1.82e+08 
Fe II ,1239.868    ,7.e+07 
Mg II ,1239.936    ,1.35e+06 
Ni V ,1239.9590   ,1.97e+08 
Ni V ,1240.160    ,8.20e+07 
Al IV ,1240.206    ,1.37e+09 
Ni V ,1240.3210   ,9.44e+08 
Mg II ,1240.399    ,1.52e+06 
Fe II ,1240.531    ,2.4e+07 
Al IV ,1240.861    ,1.61e+09 
Ni V ,1241.043    ,7.41e+07 
Ni V ,1241.043    ,6.69e+07 
Ni V ,1241.043    ,7.50e+07 
Ni V ,1241.174    ,1.92e+07 
Ni V ,1241.174    ,1.80e+07 
Ni V ,1241.334    ,7.18e+08 
Ni V ,1241.429    ,2.69e+08 
Ni V ,1241.429    ,8.34e+07 
Ni V ,1241.6410   ,9.12e+08 
S I ,1241.905    ,1.22e+07 
Fe II ,1241.923    ,5.e+07 
Ni V ,1241.9910   ,4.63e+08 
Ni V ,1242.0800   ,8.78e+08 
Ni V ,1242.142    ,1.01e+08 
Ni V ,1242.6450   ,1.39e+08 
C I ,1243.140    ,2.0e+06 
Ni V ,1243.2280   ,6.05e+08 
Ni V ,1243.335    ,2.44e+08 
Ni V ,1243.416    ,6.08e+07 
Ni V ,1243.5050   ,4.78e+08 
C I ,1243.518    ,2.3e+06 
Ni V ,1243.6680   ,3.76e+08 
Mg IV ,1243.840    ,1.86e+08 
C I ,1243.997    ,2.8e+06 
Ni V ,1244.024    ,2.71e+08 
C I ,1244.127    ,9.e+05 
Ni V ,1244.1850   ,1.07e+09 
Ni V ,1244.1850   ,1.18e+09 
Ni V ,1244.281    ,4.08e+08 
C I ,1244.510    ,5.e+05 
C I ,1244.540    ,3.7e+06 
Ni V ,1244.659    ,4.77e+07 
Fe II ,1244.748    ,1.1e+07 
Ni V ,1244.792    ,8.13e+07 
Ni V ,1244.966    ,3.22e+08 
Ni V ,1244.966    ,5.68e+07 
Ni V ,1244.966    ,3.74e+07 
C I ,1244.996    ,2.0e+06 
Ni V ,1245.0690   ,2.74e+08 
C I ,1245.174    ,3.3e+06 
Ni V ,1245.187    ,8.14e+08 
Ni V ,1245.187    ,1.33e+08 
Ni V ,1245.187    ,6.49e+08 
Ni V ,1245.272    ,2.25e+07 
Ni V ,1245.362    ,2.34e+08 
Ni V ,1245.452    ,2.54e+08 
Ni V ,1245.452    ,1.14e+09 
Ni V ,1245.531    ,1.22e+08 
C I ,1245.532    ,1.7e+06 
Fe II ,1245.764    ,2.2e+07 
C I ,1245.943    ,5.e+06 
Ni V ,1245.997    ,4.98e+07 
Ni V ,1246.124    ,8.43e+07 
C I ,1246.173    ,1.8e+06 
Ni V ,1246.362    ,6.31e+07 
Ni V ,1246.544    ,4.62e+08 
Si II ,1246.74     ,4.03e+08 
Ni V ,1246.830    ,4.84e+08 
Ni V ,1246.830    ,8.50e+08 
C I ,1246.863    ,9.e+06 
C I ,1246.940    ,1.6e+06 
S I ,1247.1600   ,1.36e+07 
Ni V ,1247.367    ,2.46e+08 
Ni V ,1247.610    ,5.53e+08 
Ni V ,1247.674    ,1.40e+08 
C I ,1247.862    ,1.5e+07 
C I ,1248.003    ,4.e+06 
S I ,1248.0451   ,7.53e+06 
Ni V ,1248.0500   ,1.79e+08 
Ni V ,1248.091    ,7.75e+07 
Ni V ,1248.227    ,9.94e+07 
S IV ,1248.345    ,7.92e+06 
Si II ,1248.43     ,8.30e+08 
Ni V ,1248.445    ,3.22e+08 
Ni V ,1248.495    ,2.56e+08 
Mg II ,1248.511    ,3.83e+06 
Al IV ,1248.790    ,1.44e+09 
Ni V ,1248.8260   ,1.79e+08 
C I ,1249.002    ,1.3e+07 
C I ,1249.404    ,1.0e+08 
Ni V ,1249.442    ,3.62e+08 
Fe V ,1249.496    ,3.8e+07 
Ni V ,1249.5340   ,5.92e+08 
Fe II ,1249.794    ,1.1e+07 
Mg II ,1249.932    ,7.64e+06 
Ni V ,1250.043    ,1.88e+08 
Ni V ,1250.043    ,7.10e+07 
Ni V ,1250.397    ,2.43e+08 
Ni V ,1250.397    ,1.16e+09 
Ni V ,1250.397    ,1.91e+08 
C I ,1250.423    ,5.e+07 
Ni V ,1250.543    ,1.05e+09 
S II ,1250.578    ,5.13e+07 
Mn II ,1250.681    ,2.e+08 
Ni V ,1250.685    ,1.09e+08 
Fe V ,1250.736    ,1.30e+09 
Ni V ,1250.782    ,9.97e+07 
S I ,1250.8138   ,2.66e+06 
Ni V ,1250.903    ,4.00e+08 
Si II ,1251.16     ,1.30e+09 
C I ,1251.176    ,1.4e+07 
Al IV ,1251.235    ,2.20e+08 
Al IV ,1251.235    ,1.05e+07 
Ni V ,1251.293    ,3.63e+07 
S IV ,1251.653    ,5.12e+07 
Ni V ,1251.8370   ,1.03e+09 
Ni V ,1252.073    ,4.00e+08 
Ni V ,1252.169    ,6.35e+08 
Ni V ,1252.169    ,7.17e+08 
C I ,1252.209    ,8.e+06 
Ni V ,1252.282    ,3.03e+08 
Ni V ,1252.347    ,6.02e+07 
Ni V ,1252.394    ,4.56e+07 
Ni V ,1252.478    ,5.54e+08 
Ni V ,1252.718    ,1.62e+08 
Ni V ,1252.777    ,7.12e+08 
Ni V ,1253.025    ,1.77e+08 
Ni V ,1253.025    ,2.08e+07 
Ni V ,1253.097    ,3.28e+07 
Ni V ,1253.205    ,2.64e+08 
Ni V ,1253.205    ,1.00e+08 
Ni V ,1253.205    ,6.56e+07 
S I ,1253.297    ,5.29e+06 
Ni V ,1253.301    ,2.75e+08 
S I ,1253.3250   ,1.07e+07 
Mn II ,1253.37     ,4.e+08 
C I ,1253.467    ,1.3e+07 
Ni V ,1253.494    ,6.15e+08 
Ni V ,1253.494    ,1.46e+08 
Ni V ,1253.599    ,7.83e+07 
Ni V ,1253.668    ,6.58e+08 
Al V ,1253.76     ,1.00e+08 
S II ,1253.805    ,5.12e+07 
Ni V ,1253.996    ,3.88e+07 
Ni V ,1253.996    ,9.54e+08 
Ni V ,1253.996    ,1.66e+08 
Ni V ,1254.2000   ,6.43e+08 
Mn II ,1254.410    ,3.1e+08 
Ni V ,1254.421    ,7.71e+08 
Ni V ,1254.421    ,2.23e+08 
Ni V ,1254.421    ,9.51e+07 
C I ,1254.510    ,6.e+06 
Ni V ,1254.541    ,1.17e+08 
Ni V ,1254.861    ,3.54e+08 
Fe II ,1255.404    ,3.4e+07 
Fe II ,1255.502    ,6.e+06 
Ni V ,1255.576    ,4.83e+07 
Ni V ,1255.748    ,8.25e+08 
Ni V ,1255.748    ,9.21e+07 
Mn VI ,1255.766    ,1.2e+09 
Ni V ,1255.805    ,3.67e+07 
Ni V ,1255.805    ,1.71e+08 
Ni V ,1256.031    ,1.16e+08 
Ni V ,1256.031    ,2.32e+08 
Al IV ,1256.083    ,3.81e+07 
S I ,1256.0930   ,7.98e+06 
Ni V ,1256.221    ,5.41e+07 
Ni V ,1256.303    ,4.05e+06 
Ni V ,1256.379    ,4.39e+08 
Ni V ,1256.379    ,1.76e+08 
Fe II ,1256.435    ,3.0e+07 
C I ,1256.493    ,1.5e+07 
Ni V ,1256.829    ,3.85e+08 
Ni V ,1256.9160   ,1.06e+09 
Mn II ,1256.96     ,2.e+08 
Ni V ,1257.000    ,1.72e+08 
Ni V ,1257.1360   ,3.47e+08 
C I ,1257.565    ,6.e+06 
Al IV ,1257.624    ,1.68e+09 
Ni V ,1257.637    ,1.11e+09 
Ni V ,1258.0220   ,3.46e+08 
S IV ,1258.173    ,4.85e+07 
Ni V ,1258.2320   ,5.50e+08 
Mn VI ,1258.413    ,2.6e+08 
Ni V ,1258.462    ,2.72e+07 
Ni V ,1258.462    ,4.92e+07 
Ni V ,1258.5380   ,3.58e+08 
Al II ,1258.8585   ,1.02e+08 
Ni V ,1259.035    ,1.88e+08 
Fe II ,1259.055    ,2.6e+07 
Ni V ,1259.129    ,7.53e+08 
Fe II ,1259.178    ,1.6e+07 
Ni V ,1259.194    ,3.61e+08 
S II ,1259.518    ,5.10e+07 
Mn II ,1259.56     ,3.e+08 
Ni V ,1259.589    ,3.44e+08 
Fe II ,1259.636    ,9.e+06 
Ni V ,1259.727    ,3.50e+08 
Ni V ,1260.412    ,5.88e+08 
Si II ,1260.42     ,2.57e+09 
Fe II ,1260.525    ,1.1e+08 
C I ,1260.612    ,1.8e+07 
C I ,1260.736    ,5.5e+07 
Ni V ,1260.759    ,9.74e+07 
S V ,1260.763    ,2.70e+08 
Fe II ,1260.830    ,1.0e+08 
Ni V ,1260.881    ,3.05e+07 
C I ,1260.927    ,1.76e+08 
C I ,1260.996    ,4.6e+07 
Ni V ,1261.120    ,4.73e+07 
C I ,1261.121    ,3.9e+07 
Ni V ,1261.233    ,2.98e+08 
Ni V ,1261.233    ,3.58e+08 
Ni V ,1261.233    ,5.58e+08 
Ni V ,1261.341    ,9.77e+08 
S V ,1261.381    ,8.09e+08 
C I ,1261.423    ,7.3e+07 
Ni V ,1261.441    ,1.03e+09 
S IV ,1261.523    ,1.90e+07 
C I ,1261.551    ,1.31e+08 
Ni V ,1261.575    ,4.74e+07 
C I ,1261.720    ,6.e+06 
Ni V ,1261.760    ,1.01e+09 
Fe II ,1262.081    ,5.e+06 
Fe II ,1262.141    ,1.3e+08 
Ni V ,1262.146    ,9.90e+06 
Fe II ,1262.211    ,8.e+06 
Al IV ,1262.544    ,2.77e+08 
Ni V ,1262.552    ,8.56e+08 
Ni V ,1262.552    ,6.59e+08 
Ni V ,1262.656    ,5.24e+07 
Ni V ,1262.739    ,4.75e+08 
Fe II ,1262.823    ,6.e+07 
S I ,1262.8596   ,1.48e+07 
Ni V ,1262.986    ,1.95e+07 
Ni V ,1263.102    ,1.75e+08 
S IV ,1263.114    ,3.03e+07 
Fe II ,1263.198    ,1.1e+07 
Ni V ,1263.302    ,4.58e+08 
Ni V ,1263.3450   ,3.36e+08 
Ni V ,1263.581    ,1.21e+08 
Ni V ,1263.634    ,6.02e+07 
Fe II ,1263.706    ,1.5e+07 
Ni V ,1264.014    ,2.98e+07 
Mn VI ,1264.101    ,7.6e+08 
Al IV ,1264.181    ,1.36e+09 
Ni V ,1264.265    ,5.39e+07 
Ni V ,1264.438    ,7.90e+07 
Ni V ,1264.438    ,2.57e+08 
Mn II ,1264.45     ,3.e+08 
Ni V ,1264.520    ,1.10e+09 
Ni V ,1264.520    ,1.28e+08 
Ni V ,1264.641    ,1.04e+07 
Al V ,1264.67     ,3.27e+08 
Si II ,1264.73     ,3.04e+09 
Ni V ,1264.751    ,5.84e+08 
Ni V ,1264.932    ,3.19e+08 
Si II ,1265.02     ,4.73e+08 
Fe II ,1265.074    ,1.6e+07 
Fe II ,1265.464    ,9.e+06 
Fe II ,1265.641    ,1.4e+08 
Ni V ,1265.669    ,1.08e+09 
Ni V ,1265.739    ,4.89e+08 
Fe II ,1265.776    ,6.0e+07 
Ni V ,1265.8750   ,2.12e+07 
Ni V ,1266.135    ,1.25e+08 
Fe II ,1266.245    ,4.1e+07 
Fe II ,1266.245    ,1.5e+08 
Ni V ,1266.407    ,9.28e+08 
C I ,1266.417    ,1.52e+07 
S V ,1266.453    ,1.33e+09 
Fe V ,1266.524    ,2.8e+07 
Fe II ,1266.526    ,1.4e+08 
Fe II ,1266.675    ,3.1e+07 
Ni V ,1266.7050   ,1.69e+08 
Ni V ,1266.8640   ,5.95e+08 
Ni V ,1267.038    ,2.24e+08 
Ni V ,1267.151    ,4.76e+07 
Ni V ,1267.304    ,6.72e+08 
Ni V ,1267.304    ,5.78e+08 
Ni V ,1267.304    ,2.72e+08 
Fe II ,1267.416    ,8.e+07 
C I ,1267.599    ,7.e+06 
Ni V ,1267.812    ,5.02e+08 
Ni V ,1267.896    ,3.72e+08 
Ni V ,1267.996    ,1.61e+08 
Fe II ,1268.143    ,2.9e+07 
Ni V ,1268.1810   ,3.41e+08 
S V ,1268.493    ,5.66e+08 
Fe II ,1268.559    ,4.5e+07 
Ni V ,1268.757    ,2.10e+08 
Ni V ,1268.8830   ,6.76e+08 
Fe II ,1269.041    ,2.2e+07 
S I ,1269.2086   ,8.18e+06 
Al IV ,1269.209    ,2.01e+07 
Ni V ,1269.254    ,1.80e+08 
Fe II ,1269.356    ,2.2e+07 
Ni V ,1269.383    ,3.95e+08 
Ni V ,1269.6280   ,9.03e+07 
Fe V ,1269.784    ,1.7e+07 
Fe II ,1269.823    ,2.4e+07 
C I ,1270.146    ,4.5e+05 
Ni V ,1270.2050   ,7.28e+08 
C I ,1270.408    ,2.1e+05 
Fe V ,1270.470    ,4.4e+07 
Ni V ,1270.690    ,1.11e+09 
S I ,1270.7821   ,2.54e+07 
S I ,1270.7821   ,6.70e+06 
Fe II ,1271.234    ,5.e+06 
Mg II ,1271.243    ,1.23e+06 
Ni V ,1271.263    ,1.34e+08 
Ni V ,1271.263    ,3.82e+07 
Fe II ,1271.348    ,1.8e+07 
Ni V ,1271.443    ,6.27e+08 
Fe II ,1271.592    ,7.e+07 
Mg II ,1271.943    ,4.49e+06 
Fe II ,1271.974    ,5.7e+07 
Ni V ,1272.036    ,2.65e+08 
S I ,1272.0749   ,2.62e+06 
Ni V ,1272.159    ,4.13e+07 
Fe II ,1272.248    ,3.1e+07 
Mn VI ,1272.444    ,8.4e+08 
Fe II ,1272.617    ,2.7e+07 
Ni V ,1272.648    ,2.25e+08 
Ni V ,1272.648    ,3.89e+07 
Fe II ,1272.656    ,1.8e+07 
Ni V ,1272.721    ,3.17e+08 
Mg II ,1272.725    ,1.44e+06 
Al IV ,1272.763    ,1.52e+09 
Ni V ,1272.786    ,1.02e+08 
Ni V ,1272.868    ,8.21e+07 
Fe II ,1273.038    ,9.e+06 
Fe II ,1273.099    ,3.8e+07 
Ni V ,1273.207    ,2.75e+07 
Ni V ,1273.207    ,9.98e+08 
Ni V ,1273.207    ,4.54e+07 
Mg II ,1273.427    ,8.97e+06 
Ni V ,1273.739    ,1.47e+08 
Ni V ,1273.818    ,4.74e+08 
Fe II ,1274.064    ,2.4e+07 
C I ,1274.108    ,1.20e+06 
Ni V ,1274.2610   ,4.86e+08 
Fe II ,1274.470    ,7.e+06 
Ni V ,1274.501    ,1.28e+08 
S V ,1274.520    ,1.34e+08 
Mg III ,1274.831    ,2.53e+08 
C I ,1274.983    ,2.25e+07 
Fe II ,1275.143    ,1.9e+07 
Fe II ,1275.348    ,2.6e+07 
Al IV ,1275.731    ,9.20e+06 
Fe II ,1275.792    ,4.1e+07 
Fe II ,1275.824    ,2.7e+07 
Ni V ,1275.9250   ,3.42e+08 
Mn II ,1275.97     ,3.8e+08 
Mn II ,1275.97     ,1.e+08 
C I ,1276.286    ,7.e+06 
Ni V ,1276.4310   ,8.16e+08 
C I ,1276.485    ,5.0e+06 
Ni V ,1276.632    ,2.16e+08 
Fe V ,1276.647    ,4.8e+06 
C I ,1276.754    ,9.4e+06 
Fe II ,1276.795    ,6.3e+07 
Ni V ,1276.892    ,1.04e+07 
Ni V ,1276.944    ,1.08e+09 
Mn II ,1277.12     ,2.e+08 
Ni V ,1277.193    ,4.82e+08 
S I ,1277.1985   ,1.05e+07 
S I ,1277.2122   ,1.84e+07 
C I ,1277.250    ,1.26e+08 
C I ,1277.285    ,1.70e+08 
C I ,1277.517    ,9.2e+07 
C I ,1277.556    ,2.28e+08 
Fe II ,1277.658    ,2.9e+07 
Ni V ,1277.668    ,5.57e+07 
Fe II ,1277.686    ,2.0e+07 
C I ,1277.728    ,6.30e+07 
Mn II ,1277.82     ,2.e+08 
Mn II ,1277.82     ,2.e+08 
C I ,1277.951    ,5.9e+06 
Al IV ,1278.265    ,1.17e+08 
Ni V ,1278.396    ,1.48e+08 
S V ,1278.814    ,1.13e+09 
Ni V ,1278.872    ,2.91e+08 
C I ,1279.057    ,4.0e+06 
Ni V ,1279.059    ,1.56e+08 
Fe II ,1279.097    ,4.1e+08 
C I ,1279.228    ,1.1e+07 
Ni V ,1279.3290   ,6.24e+08 
C I ,1279.498    ,2.2e+06 
Fe V ,1279.591    ,5.9e+07 
Ni V ,1279.7130   ,1.02e+09 
C I ,1279.890    ,3.43e+07 
Ni V ,1279.935    ,1.04e+07 
Ni V ,1279.935    ,3.16e+07 
Al V ,1280.01     ,3.45e+08 
S I ,1280.0991   ,1.35e+07 
Ni V ,1280.114    ,2.54e+08 
Ni V ,1280.114    ,5.50e+08 
C I ,1280.134    ,3.55e+07 
Ni V ,1280.283    ,3.66e+07 
Ni V ,1280.283    ,1.35e+08 
C I ,1280.330    ,6.4e+07 
Si III ,1280.35     ,1.04e+09 
C I ,1280.410    ,1.87e+07 
Fe V ,1280.471    ,1.3e+08 
Fe II ,1280.527    ,2.3e+07 
C I ,1280.595    ,8.8e+07 
Fe V ,1280.650    ,1.4e+08 
C I ,1280.845    ,3.6e+07 
Ni V ,1281.277    ,1.27e+08 
Ni V ,1281.277    ,3.00e+08 
Ni V ,1281.277    ,3.64e+07 
Fe V ,1281.367    ,1.3e+08 
Fe V ,1281.652    ,3.8e+07 
Ni V ,1281.883    ,1.75e+08 
Fe V ,1282.058    ,5.4e+07 
Ni V ,1282.282    ,3.14e+08 
Ni V ,1282.282    ,4.38e+08 
Ni V ,1282.748    ,2.72e+08 
Ni V ,1282.748    ,2.88e+07 
Fe II ,1283.060    ,2.7e+07 
Ni V ,1283.185    ,2.58e+08 
Al IV ,1283.484    ,6.40e+07 
Fe V ,1283.613    ,1.8e+07 
S V ,1283.689    ,1.19e+09 
S V ,1283.911    ,1.26e+09 
Ni V ,1283.948    ,1.20e+08 
Ni V ,1283.948    ,2.29e+07 
Fe V ,1284.109    ,1.12e+08 
S V ,1284.210    ,1.42e+09 
Ni V ,1284.477    ,6.75e+08 
Ni V ,1284.557    ,2.06e+08 
Mn VI ,1285.102    ,1.1e+09 
Ni V ,1285.815    ,7.85e+08 
Fe V ,1285.918    ,1.7e+08 
S IV ,1286.050    ,1.40e+08 
Ni V ,1286.117    ,3.48e+08 
S IV ,1286.221    ,2.93e+07 
Ni V ,1286.471    ,4.46e+07 
Fe II ,1286.910    ,1.6e+07 
Fe V ,1287.101    ,1.17e+08 
Fe II ,1287.418    ,6.e+06 
Ni V ,1287.5720   ,5.37e+08 
C I ,1287.609    ,1.49e+05 
Ni V ,1287.662    ,2.97e+08 
Ni V ,1287.662    ,7.56e+08 
Al V ,1287.70     ,8.39e+08 
Ni V ,1287.806    ,5.06e+08 
Fe V ,1288.169    ,2.0e+08 
Al V ,1288.23     ,7.96e+07 
C I ,1288.422    ,3.5e+07 
Ni V ,1288.524    ,4.88e+07 
C I ,1288.918    ,2.1e+05 
Fe II ,1289.095    ,1.8e+07 
Fe II ,1289.311    ,2.7e+07 
Fe V ,1289.533    ,4.4e+06 
Ni V ,1289.834    ,2.65e+08 
Ni V ,1289.834    ,3.66e+08 
C I ,1289.975    ,7.e+06 
Fe II ,1290.187    ,1.7e+08 
Ni V ,1290.3970   ,3.16e+08 
Ni V ,1290.483    ,1.66e+07 
Al IV ,1290.486    ,1.82e+07 
Fe II ,1290.774    ,6.e+07 
Ni V ,1290.876    ,6.21e+07 
Ni V ,1290.876    ,6.06e+07 
Fe V ,1291.191    ,1.7e+08 
Fe II ,1291.579    ,1.4e+07 
Fe II ,1291.862    ,4.2e+06 
Al V ,1291.91     ,5.88e+07 
Ni V ,1292.016    ,3.56e+08 
Ni V ,1292.016    ,1.94e+08 
Al V ,1292.44     ,8.47e+08 
Fe II ,1293.039    ,3.3e+07 
Fe V ,1293.125    ,1.0e+07 
Ni V ,1293.180    ,1.89e+08 
Fe V ,1293.305    ,8.5e+07 
Fe V ,1293.377    ,1.9e+08 
Al V ,1293.51     ,6.26e+08 
Si III ,1294.54     ,5.35e+08 
S IV ,1294.592    ,3.58e+08 
S IV ,1294.592    ,3.34e+08 
Fe III ,1294.641    ,2.1e+07 
Fe II ,1294.905    ,2.7e+07 
Ni V ,1295.292    ,3.61e+08 
S I ,1295.6526   ,3.46e+08 
Ni V ,1295.762    ,1.35e+06 
S IV ,1295.837    ,3.66e+08 
Fe II ,1296.080    ,1.7e+08 
S I ,1296.1738   ,1.46e+08 
Ni V ,1296.198    ,1.10e+08 
Fe II ,1296.288    ,2.6e+07 
S IV ,1296.491    ,6.58e+07 
S IV ,1296.659    ,1.61e+08 
Si III ,1296.73     ,7.10e+08 
Fe II ,1297.509    ,1.5e+07 
Fe V ,1297.547    ,2.2e+08 
Ni V ,1297.730    ,1.37e+08 
Fe II ,1297.930    ,3.0e+07 
Ni V ,1297.982    ,3.26e+07 
Ni V ,1297.982    ,4.17e+07 
Fe II ,1298.114    ,1.6e+08 
Ni V ,1298.7320   ,5.80e+08 
Si III ,1298.89     ,5.29e+08 
Si III ,1298.96     ,1.59e+09 
Fe II ,1299.283    ,1.0e+07 
Fe II ,1299.427    ,9.e+07 
Fe II ,1299.995    ,7.e+06 
Ni V ,1300.221    ,2.86e+07 
Fe V ,1300.608    ,2.3e+08 
Fe II ,1300.643    ,1.0e+07 
S IV ,1300.718    ,2.41e+08 
Fe V ,1300.846    ,1.16e+09 
Ni V ,1300.9810   ,1.01e+09 
Al V ,1301.13     ,7.23e+08 
Si III ,1301.15     ,2.11e+09 
Fe II ,1301.198    ,7.e+06 
Fe II ,1301.560    ,7.e+06 
Ni V ,1301.602    ,1.29e+08 
Fe III ,1301.850    ,4.4e+07 
O I ,1302.168    ,3.41e+08 
Ni V ,1302.177    ,2.12e+08 
S I ,1302.3370   ,1.20e+08 
Ni V ,1302.3860   ,5.21e+08 
Ni V ,1302.835    ,1.31e+08 
S I ,1302.8633   ,1.53e+08 
Fe II ,1303.033    ,2.4e+07 
Fe V ,1303.081    ,9.e+06 
S I ,1303.1105   ,4.83e+08 
Fe II ,1303.200    ,3.6e+06 
Ni V ,1303.320    ,5.32e+08 
Si III ,1303.32     ,8.71e+08 
Fe II ,1303.356    ,4.0e+07 
S I ,1303.4295   ,2.95e+07 
Fe V ,1303.489    ,6.2e+07 
Fe II ,1303.898    ,3.4e+07 
Ni V ,1303.971    ,4.40e+08 
S IV ,1304.177    ,1.20e+08 
Si II ,1304.37     ,3.64e+08 
Fe II ,1304.436    ,5.0e+07 
Al IV ,1304.547    ,2.83e+07 
Fe V ,1304.816    ,7.6e+08 
O I ,1304.858    ,2.03e+08 
Ni V ,1304.869    ,1.65e+08 
Ni V ,1304.869    ,5.82e+08 
Ni V ,1304.869    ,6.77e+07 
Ni V ,1305.068    ,5.72e+07 
Ni V ,1305.068    ,2.27e+08 
Al IV ,1305.21     ,5.16e+06 
Fe II ,1305.520    ,2.2e+07 
Mn II ,1305.63     ,2.e+08 
Ni V ,1305.702    ,4.18e+08 
Ni V ,1305.702    ,2.80e+07 
S I ,1305.8834   ,1.96e+08 
Ni V ,1305.936    ,3.91e+08 
Fe V ,1305.971    ,8.0e+07 
O I ,1306.029    ,6.76e+07 
Fe V ,1306.080    ,2.2e+08 
Ni V ,1306.2410   ,5.09e+08 
Al IV ,1306.432    ,8.68e+07 
Ni V ,1306.617    ,9.68e+08 
Mg II ,1306.711    ,2.19e+06 
Fe II ,1306.740    ,5.5e+07 
Fe V ,1307.219    ,3.8e+08 
Fe II ,1307.261    ,2.6e+07 
Fe V ,1307.424    ,8.4e+08 
Ni V ,1307.5990   ,9.85e+08 
Ni V ,1307.758    ,5.82e+08 
Al IV ,1307.762    ,4.52e+07 
Mg II ,1307.877    ,6.72e+06 
Mg IV ,1307.9      ,5.52e+08 
Al V ,1308.16     ,6.63e+08 
Mg II ,1308.282    ,2.58e+06 
Ni V ,1308.646    ,2.51e+08 
Ni V ,1308.646    ,1.28e+08 
Ni V ,1308.646    ,4.65e+08 
Fe II ,1308.965    ,9.e+06 
Ni V ,1309.152    ,9.36e+07 
Si II ,1309.27     ,6.23e+08 
Mg II ,1309.439    ,1.34e+07 
Fe V ,1309.521    ,5.6e+07 
Fe II ,1309.550    ,3.1e+08 
Ni V ,1309.660    ,1.62e+08 
Ni V ,1310.0780   ,6.02e+08 
Ni V ,1310.0780   ,5.60e+07 
C I ,1310.150    ,3.5e+05 
S I ,1310.1940   ,1.70e+07 
Ni V ,1310.2570   ,5.68e+08 
Fe II ,1310.588    ,1.5e+07 
C I ,1310.636    ,3.5e+07 
Fe V ,1310.751    ,7.e+06 
Ni V ,1310.823    ,7.41e+07 
Ni V ,1310.823    ,1.02e+08 
Fe II ,1311.057    ,3.0e+08 
Ni V ,1311.1110   ,2.63e+08 
Ni V ,1311.1110   ,8.12e+08 
Fe V ,1311.239    ,1.06e+08 
C I ,1311.362    ,5.9e+07 
Ni V ,1311.5590   ,2.48e+08 
Fe II ,1311.612    ,1.6e+07 
Mg IV ,1311.650    ,5.53e+08 
Fe V ,1311.828    ,4.4e+08 
Mg IV ,1311.930    ,3.63e+07 
Ni V ,1312.031    ,3.40e+08 
Al IV ,1312.135    ,9.75e+07 
C I ,1312.246    ,2.4e+05 
Al V ,1312.43     ,1.90e+07 
Fe II ,1312.497    ,3.4e+06 
Si III ,1312.59     ,6.66e+08 
Ni V ,1312.710    ,4.12e+08 
Ni V ,1312.710    ,5.31e+08 
Ni V ,1312.710    ,2.33e+08 
S I ,1313.2493   ,5.54e+06 
Ni V ,1313.3060   ,7.33e+08 
C I ,1313.462    ,6.e+06 
Fe V ,1313.585    ,8.5e+07 
Ni V ,1314.333    ,2.56e+08 
Ni V ,1314.333    ,6.94e+08 
Ni V ,1314.333    ,6.71e+08 
Fe V ,1314.529    ,1.2e+07 
Ni V ,1314.687    ,8.46e+07 
Ni V ,1314.687    ,7.27e+08 
Ni V ,1314.949    ,2.12e+08 
Ni V ,1314.949    ,3.79e+08 
Ni V ,1315.273    ,2.50e+08 
Ni V ,1315.6680   ,6.43e+08 
Ni V ,1315.979    ,9.61e+07 
Fe III ,1316.162    ,3.6e+07 
Ni V ,1316.311    ,9.24e+07 
Fe II ,1316.497    ,1.5e+07 
S I ,1316.5423   ,7.89e+07 
S I ,1316.6183   ,2.10e+07 
S I ,1316.6183   ,2.37e+06 
Ni V ,1316.915    ,3.60e+08 
Ni V ,1316.915    ,2.15e+08 
Fe II ,1317.028    ,5.5e+07 
Ni V ,1317.038    ,5.23e+07 
Ni V ,1317.038    ,1.34e+08 
Ni V ,1317.4440   ,9.05e+08 
Fe II ,1317.542    ,1.7e+07 
Fe V ,1317.862    ,2.7e+08 
Ni V ,1317.965    ,2.13e+08 
Fe II ,1318.067    ,1.0e+07 
Ni V ,1318.1520   ,3.62e+08 
Fe V ,1318.354    ,1.8e+08 
Fe V ,1318.354    ,2.2e+08 
Ni V ,1318.363    ,7.53e+08 
Ni V ,1318.5110   ,9.53e+08 
Ni V ,1318.923    ,1.97e+08 
S IV ,1319.036    ,1.96e+08 
Ni V ,1319.1580   ,3.02e+08 
Fe II ,1319.165    ,3.2e+06 
Ni V ,1319.748    ,3.08e+08 
Fe II ,1320.062    ,1.1e+07 
Ni V ,1320.203    ,4.62e+07 
Fe V ,1320.312    ,2.6e+07 
Fe V ,1320.410    ,9.2e+08 
Al VI ,1320.57     ,6.88e+08 
Ni V ,1320.7150   ,8.15e+08 
Fe II ,1320.762    ,7.e+06 
Ni V ,1320.899    ,1.26e+08 
Fe II ,1321.098    ,1.4e+07 
Ni V ,1321.255    ,2.04e+08 
Fe V ,1321.341    ,2.3e+08 
Fe V ,1321.490    ,2.8e+08 
Al VI ,1321.59     ,6.53e+08 
Fe V ,1321.850    ,7.9e+07 
Fe II ,1323.084    ,1.1e+07 
Fe V ,1323.097    ,4.0e+06 
Fe II ,1323.260    ,6.0e+07 
Fe V ,1323.269    ,8.4e+08 
Ni V ,1323.299    ,1.07e+08 
Fe II ,1323.352    ,6.e+06 
S I ,1323.5153   ,6.04e+07 
S I ,1323.5220   ,3.40e+07 
Ni V ,1323.553    ,4.81e+08 
Ni V ,1323.553    ,2.08e+08 
C II ,1323.951    ,4.55e+08 
Ni V ,1323.989    ,8.92e+08 
Ni V ,1323.989    ,4.03e+08 
S IV ,1324.117    ,8.29e+07 
Fe II ,1324.250    ,3.6e+07 
Fe V ,1324.403    ,2.0e+07 
Ni V ,1324.467    ,3.50e+08 
Ni V ,1324.467    ,3.80e+07 
Ni V ,1324.753    ,1.58e+08 
Al VI ,1324.92     ,6.43e+08 
Ni V ,1325.094    ,7.36e+08 
Fe II ,1325.323    ,1.0e+07 
Na III ,1325.700    ,2.29e+08 
Fe V ,1325.781    ,7.5e+07 
Ni V ,1325.824    ,1.10e+07 
Fe II ,1325.995    ,6.e+06 
S I ,1326.6432   ,4.44e+07 
Fe V ,1327.101    ,2.0e+08 
Ni V ,1327.475    ,2.04e+08 
Ni V ,1327.642    ,5.71e+07 
Al VI ,1327.68     ,6.43e+08 
Ni V ,1328.021    ,4.68e+08 
S III ,1328.164    ,1.33e+08 
S III ,1328.524    ,1.01e+08 
S III ,1328.630    ,3.75e+07 
C I ,1328.8332   ,7.3e+07 
Fe V ,1329.025    ,1.2e+07 
C I ,1329.0861   ,2.22e+08 
C I ,1329.0999   ,5.4e+07 
C I ,1329.1233   ,5.6e+07 
Al VI ,1329.15     ,6.09e+08 
Ni V ,1329.3710   ,8.68e+08 
C I ,1329.5777   ,1.64e+08 
C I ,1329.6001   ,9.2e+07 
Al V ,1330.06     ,1.61e+08 
Ni V ,1330.064    ,1.53e+08 
Fe V ,1330.401    ,8.3e+08 
Fe II ,1330.950    ,1.6e+08 
Fe V ,1331.185    ,8.6e+08 
Al VI ,1331.19     ,6.38e+08 
Fe II ,1331.401    ,1.0e+07 
Ni V ,1331.414    ,4.39e+07 
Ni V ,1331.414    ,1.41e+08 
Mg IV ,1331.592    ,4.21e+07 
Fe V ,1331.640    ,5.9e+08 
Ni V ,1332.006    ,2.18e+08 
Fe VII ,1332.381    ,4.9e+08 
Ni V ,1332.846    ,1.70e+08 
Fe V ,1332.968    ,8.2e+06 
Ni V ,1332.990    ,1.73e+08 
Ni V ,1332.990    ,5.07e+08 
Fe II ,1333.019    ,3.3e+06 
Ni V ,1333.3560   ,5.15e+08 
Ni V ,1333.561    ,4.13e+07 
Mn VI ,1333.874    ,1.0e+09 
Ni V ,1333.9650   ,5.25e+08 
Ni V ,1334.184    ,5.41e+08 
Ni V ,1334.184    ,1.57e+08 
Ni V ,1334.184    ,2.24e+08 
C II ,1334.532    ,2.41e+08 
S IV ,1334.961    ,2.25e+08 
Ni V ,1334.9840   ,5.28e+08 
S IV ,1335.109    ,1.12e+08 
Fe II ,1335.409    ,1.1e+08 
C II ,1335.708    ,2.88e+08 
Cl I ,1335.726    ,1.74e+08 
Fe V ,1336.039    ,1.3e+07 
Ni V ,1336.1610   ,8.82e+08 
Fe II ,1336.385    ,9.e+06 
Ni V ,1336.539    ,1.31e+08 
Ni V ,1336.636    ,1.33e+08 
Na III ,1336.760    ,4.27e+08 
Mg IV ,1336.850    ,1.07e+08 
Ni V ,1337.049    ,2.56e+08 
Ni V ,1337.049    ,3.10e+08 
Fe V ,1337.287    ,7.9e+07 
Na III ,1337.358    ,1.61e+08 
Al IV ,1337.898    ,3.48e+08 
Na III ,1337.995    ,1.28e+08 
O IV ,1338.612    ,2.17e+08 
S IV ,1338.621    ,4.47e+07 
Fe V ,1338.808    ,1.06e+08 
Ni V ,1339.070    ,1.81e+08 
Fe V ,1339.691    ,9.6e+08 
Fe II ,1340.257    ,9.e+06 
Ni V ,1340.3530   ,4.00e+08 
Al V ,1340.52     ,1.04e+08 
Na III ,1340.674    ,2.29e+08 
Ni V ,1341.0680   ,3.53e+08 
Si III ,1341.47     ,8.96e+08 
Mg IV ,1342.163    ,4.72e+08 
Ni V ,1342.1790   ,7.63e+08 
Si III ,1342.39     ,7.54e+08 
Na III ,1342.390    ,8.44e+07 
Fe III ,1342.466    ,1.2e+07 
Na III ,1342.729    ,1.06e+08 
Ni V ,1342.900    ,1.47e+08 
O IV ,1342.992    ,4.29e+07 
Fe V ,1343.121    ,1.7e+07 
S III ,1343.222    ,2.32e+07 
Si III ,1343.39     ,8.16e+08 
O IV ,1343.512    ,2.57e+08 
S III ,1343.592    ,8.73e+06 
Ni V ,1343.631    ,6.49e+07 
Ni V ,1343.8980   ,3.91e+08 
Fe II ,1345.380    ,3.4e+07 
Mn VI ,1345.494    ,8.7e+08 
Fe V ,1345.611    ,7.9e+08 
Mg IV ,1345.643    ,2.21e+07 
Mg IV ,1346.543    ,1.07e+09 
Mg IV ,1346.633    ,6.87e+08 
Ni V ,1347.219    ,7.23e+07 
Cl I ,1347.240    ,4.19e+08 
Fe II ,1347.265    ,3.4e+06 
Ni V ,1347.740    ,7.08e+08 
Si II ,1348.54     ,3.36e+08 
Ni V ,1348.679    ,3.40e+07 
Fe V ,1348.838    ,1.5e+08 
Fe II ,1349.584    ,4.1e+07 
Si II ,1350.06     ,5.34e+08 
Ni V ,1350.061    ,1.73e+08 
Mg III ,1350.156    ,3.50e+07 
Al II ,1350.1782   ,2.37e+08 
Al V ,1350.518    ,3.84e+08 
Si II ,1350.52     ,1.61e+08 
Fe V ,1350.535    ,2.8e+08 
S III ,1350.592    ,3.16e+07 
Si II ,1350.66     ,2.02e+08 
Fe V ,1350.677    ,6.2e+07 
Ni V ,1350.864    ,7.92e+07 
Fe V ,1350.948    ,9.2e+06 
Ni V ,1351.066    ,8.19e+06 
S III ,1351.089    ,5.86e+05 
S III ,1351.089    ,4.36e+06 
Fe II ,1351.292    ,6.e+06 
Ni V ,1351.4140   ,7.72e+08 
S V ,1351.435    ,1.30e+06 
Mg IV ,1351.620    ,9.06e+08 
Cl I ,1351.657    ,3.23e+08 
Fe V ,1351.755    ,6.1e+07 
Mg IV ,1352.020    ,6.59e+08 
Si II ,1352.64     ,6.12e+08 
Fe II ,1352.731    ,1.7e+07 
C I ,1352.745    ,2.1e+05 
Al III ,1352.857    ,4.26e+08 
Al III ,1352.857    ,2.84e+07 
Al III ,1352.857    ,3.98e+08 
Fe II ,1353.021    ,2.2e+07 
Ni V ,1353.129    ,2.68e+08 
Si II ,1353.72     ,3.22e+08 
Al IV ,1353.745    ,1.42e+08 
Al V ,1353.745    ,7.95e+07 
S III ,1353.790    ,2.72e+07 
Ni V ,1353.873    ,9.99e+07 
Fe II ,1354.012    ,5.e+06 
C I ,1354.284    ,3.0e+07 
Fe II ,1354.461    ,6.e+06 
Ni V ,1354.530    ,4.38e+07 
Fe II ,1354.742    ,3.2e+07 
Fe V ,1354.847    ,9.4e+08 
Na III ,1355.281    ,3.44e+08 
Fe II ,1355.371    ,4.6e+06 
Ni V ,1355.536    ,1.68e+08 
Ni V ,1355.536    ,1.76e+08 
Fe V ,1355.624    ,9.4e+07 
Mg IV ,1355.654    ,2.56e+07 
C I ,1355.843    ,1.04e+08 
Fe III ,1356.069    ,7.e+06 
Mg IV ,1356.108    ,3.67e+08 
Fe V ,1356.232    ,1.0e+07 
Mn VI ,1356.852    ,8.3e+08 
Fe V ,1357.114    ,7.3e+07 
C I ,1357.134    ,1.4e+07 
Ni V ,1357.4980   ,6.99e+07 
C I ,1357.658    ,1.1e+06 
Fe V ,1357.675    ,7.4e+08 
Fe V ,1357.857    ,3.9e+07 
Fe III ,1358.002    ,7.e+06 
Ni V ,1358.160    ,9.16e+06 
Ni V ,1358.333    ,1.21e+07 
Ni V ,1358.333    ,4.70e+07 
Fe V ,1358.386    ,3.4e+07 
Fe V ,1358.567    ,1.7e+08 
Cu II ,1358.7736   ,3.3e+08 
Al VI ,1358.79     ,5.80e+08 
Fe II ,1358.931    ,2.3e+08 
Fe V ,1359.006    ,1.00e+09 
Fe II ,1359.050    ,1.4e+08 
S IV ,1359.162    ,1.16e+07 
C I ,1359.276    ,2.2e+06 
Fe V ,1359.406    ,2.6e+08 
C I ,1359.440    ,9.7e+05 
Al V ,1359.64     ,7.79e+08 
Al VI ,1359.96     ,5.82e+08 
Al IV ,1360.298    ,5.91e+07 
Fe II ,1360.440    ,1.5e+08 
Ni V ,1360.809    ,6.98e+07 
Fe II ,1360.849    ,3.4e+07 
S IV ,1361.081    ,1.04e+08 
Fe V ,1361.279    ,1.21e+08 
Fe V ,1361.279    ,3.4e+08 
Fe II ,1361.359    ,1.3e+08 
Fe V ,1361.447    ,8.2e+08 
Mg IV ,1361.493    ,1.08e+08 
Si III ,1361.60     ,1.06e+09 
Fe V ,1361.692    ,9.7e+08 
Fe V ,1361.825    ,9.5e+08 
Na III ,1361.896    ,2.24e+08 
Na III ,1361.896    ,1.45e+08 
Fe II ,1362.258    ,1.4e+07 
Si III ,1362.37     ,1.06e+09 
Mg IV ,1362.504    ,3.90e+07 
S IV ,1362.531    ,4.59e+08 
Fe II ,1362.757    ,9.e+07 
Fe V ,1362.864    ,5.0e+08 
S II ,1363.011    ,2.07e+06 
Fe V ,1363.077    ,2.6e+08 
Al V ,1363.351    ,6.70e+08 
Fe V ,1363.376    ,3.4e+07 
S II ,1363.384    ,2.64e+06 
Cl I ,1363.447    ,7.5e+07 
Si III ,1363.47     ,8.53e+08 
Fe V ,1363.642    ,1.7e+08 
Ni V ,1363.922    ,9.30e+07 
C I ,1364.164    ,1.6e+07 
Fe II ,1364.377    ,3.5e+07 
Fe II ,1364.572    ,1.6e+08 
Fe II ,1364.755    ,7.e+07 
Fe V ,1364.824    ,2.6e+08 
Fe V ,1364.984    ,3.8e+07 
Fe V ,1364.984    ,2.9e+08 
Fe V ,1365.115    ,2.3e+08 
S IV ,1365.192    ,2.86e+07 
Si III ,1365.26     ,9.40e+08 
Mg II ,1365.545    ,4.53e+06 
Fe V ,1365.571    ,2.7e+08 
Fe II ,1365.669    ,1.2e+08 
Fe II ,1365.744    ,2.5e+07 
Fe V ,1365.876    ,9.5e+07 
Ni V ,1366.020    ,4.59e+07 
Ni V ,1366.020    ,6.73e+07 
Fe II ,1366.386    ,1.3e+08 
Ni V ,1366.683    ,4.31e+07 
Fe II ,1366.714    ,1.2e+08 
Mg IV ,1366.733    ,3.40e+07 
S IV ,1366.921    ,1.82e+08 
Si III ,1367.05     ,1.05e+09 
Fe II ,1367.158    ,1.0e+07 
Fe V ,1367.183    ,5.7e+07 
Mg II ,1367.260    ,5.35e+06 
Fe II ,1367.297    ,1.7e+07 
Mg II ,1367.704    ,1.08e+07 
Cu II ,1367.9508   ,8.3e+07 
Fe II ,1368.255    ,1.3e+08 
Ni V ,1368.364    ,2.02e+08 
Fe II ,1368.568    ,8.e+07 
Fe II ,1368.802    ,2.5e+07 
S IV ,1368.843    ,2.83e+08 
S IV ,1368.843    ,3.57e+08 
Al V ,1369.20     ,5.99e+08 
Mg II ,1369.425    ,2.17e+07 
Si III ,1369.44     ,1.04e+09 
Fe II ,1369.699    ,1.5e+07 
Fe II ,1369.850    ,5.3e+07 
Fe II ,1370.187    ,3.6e+07 
Fe V ,1370.303    ,6.0e+07 
S IV ,1370.585    ,2.82e+08 
Fe V ,1370.947    ,1.9e+08 
Fe II ,1371.017    ,1.7e+08 
Mg IV ,1371.033    ,1.31e+08 
Fe V ,1371.217    ,4.5e+07 
Fe II ,1371.229    ,1.0e+07 
Al II ,1371.2401   ,5.83e+07 
O V ,1371.292    ,3.336e+08 
Fe II ,1371.385    ,1.2e+08 
S V ,1371.614    ,6.29e+06 
S V ,1371.883    ,5.74e+07 
Fe V ,1371.987    ,5.0e+08 
Fe II ,1372.230    ,9.e+06 
Na III ,1372.340    ,5.81e+07 
Ni V ,1372.545    ,1.97e+07 
Ni V ,1372.545    ,9.64e+07 
Ni V ,1372.545    ,1.11e+07 
Fe V ,1372.651    ,6.9e+07 
Si III ,1373.03     ,8.00e+08 
Cl I ,1373.116    ,2.9e+05 
Fe II ,1373.118    ,3.0e+07 
S III ,1373.156    ,9.91e+07 
Mg IV ,1373.187    ,3.08e+08 
Ni V ,1373.406    ,8.21e+07 
O II ,1373.437    ,5.40e+06 
Fe V ,1373.587    ,7.2e+08 
O II ,1373.595    ,6.48e+06 
Fe V ,1373.674    ,6.9e+08 
Al V ,1373.70     ,3.66e+08 
Fe II ,1373.714    ,2.7e+08 
Fe II ,1373.788    ,6.e+06 
Fe V ,1373.967    ,3.9e+08 
Fe V ,1374.116    ,9.0e+08 
Fe V ,1374.261    ,1.9e+07 
Fe V ,1374.789    ,9.2e+08 
Fe V ,1374.789    ,4.1e+08 
Fe II ,1374.830    ,1.5e+08 
Fe II ,1374.930    ,9.e+07 
Fe II ,1375.176    ,1.7e+08 
Fe II ,1375.231    ,2.0e+07 
Ni V ,1375.369    ,8.25e+07 
Mg IV ,1375.497    ,3.92e+08 
Fe V ,1375.784    ,4.2e+07 
Al V ,1375.79     ,3.08e+08 
Fe II ,1375.857    ,3.6e+06 
Ni V ,1376.188    ,6.57e+06 
Ni V ,1376.308    ,8.42e+07 
Fe V ,1376.337    ,7.8e+08 
Fe V ,1376.455    ,6.7e+08 
Al IV ,1376.618    ,2.81e+08 
Fe II ,1376.664    ,5.2e+07 
O II ,1376.826    ,1.07e+06 
Fe II ,1376.890    ,8.e+06 
Fe III ,1376.969    ,2.5e+07 
Mg IV ,1377.373    ,1.91e+08 
Fe II ,1377.675    ,2.9e+07 
Fe V ,1377.723    ,3.3e+07 
Fe II ,1377.983    ,2.7e+08 
Fe V ,1378.092    ,7.4e+08 
Fe II ,1378.277    ,9.e+06 
Fe II ,1378.344    ,2.7e+07 
Fe V ,1378.560    ,9.5e+08 
Mg III ,1378.700    ,5.32e+08 
S V ,1379.069    ,4.40e+06 
Fe V ,1379.206    ,3.4e+07 
Ni V ,1379.211    ,1.25e+07 
Ni V ,1379.211    ,9.72e+06 
S V ,1379.432    ,5.03e+07 
Fe II ,1379.463    ,1.7e+08 
Cl I ,1379.528    ,1.1e+07 
Ni V ,1379.550    ,4.06e+07 
Fe II ,1379.608    ,1.0e+08 
Al III ,1379.670    ,4.61e+08 
Fe V ,1380.112    ,6.6e+08 
Fe II ,1380.406    ,8.e+07 
Ni V ,1380.508    ,3.56e+08 
Ni V ,1380.508    ,8.61e+06 
Fe II ,1380.711    ,1.2e+07 
Fe II ,1380.848    ,5.e+06 
Fe II ,1381.219    ,2.9e+07 
S I ,1381.5521   ,5.42e+05 
Fe II ,1381.729    ,1.3e+08 
Fe V ,1382.270    ,2.6e+07 
Fe II ,1382.393    ,2.8e+06 
Fe V ,1382.414    ,5.5e+07 
Mg IV ,1382.544    ,1.02e+09 
Fe V ,1382.560    ,3.2e+07 
Fe II ,1382.564    ,1.7e+07 
Fe II ,1382.729    ,3.5e+06 
Ni V ,1383.012    ,2.21e+06 
Fe II ,1383.144    ,1.2e+07 
Ni V ,1383.484    ,2.32e+07 
Fe II ,1383.574    ,1.7e+08 
Fe V ,1384.055    ,1.17e+08 
Al III ,1384.140    ,9.22e+08 
Fe V ,1384.201    ,1.7e+08 
Mg IV ,1384.425    ,1.45e+09 
Fe II ,1384.669    ,6.9e+07 
Fe V ,1384.688    ,4.3e+07 
Ni V ,1384.8710   ,1.71e+08 
Fe II ,1385.269    ,5.3e+07 
Fe V ,1385.313    ,9.3e+08 
S I ,1385.5100   ,1.25e+06 
Fe V ,1385.685    ,8.3e+08 
Fe V ,1385.685    ,2.3e+08 
Mg IV ,1385.740    ,1.07e+09 
Ni V ,1385.919    ,6.59e+07 
Mg IV ,1386.155    ,6.31e+07 
Fe II ,1386.182    ,1.4e+08 
Fe V ,1386.467    ,6.9e+06 
Fe II ,1386.798    ,2.2e+06 
Fe V ,1387.092    ,7.1e+08 
Fe V ,1387.092    ,1.6e+08 
Ni V ,1387.170    ,8.70e+07 
Fe II ,1387.446    ,3.6e+07 
Mg IV ,1387.494    ,1.19e+09 
Fe V ,1387.938    ,9.6e+08 
Si III ,1387.99     ,2.09e+07 
Fe V ,1388.040    ,3.6e+07 
Fe V ,1388.195    ,3.8e+08 
Fe V ,1388.328    ,3.9e+08 
Fe II ,1388.343    ,9.e+06 
S I ,1388.4347   ,5.54e+05 
Fe II ,1388.524    ,1.6e+07 
Fe II ,1388.592    ,3.4e+07 
Al IV ,1388.789    ,2.05e+08 
Ni V ,1388.876    ,3.86e+07 
Fe V ,1389.000    ,2.8e+08 
Ni V ,1389.044    ,1.83e+08 
S I ,1389.1538   ,1.69e+05 
S V ,1389.254    ,5.07e+07 
Ni V ,1389.444    ,7.45e+07 
Cl I ,1389.693    ,2.3e+05 
Fe V ,1389.762    ,5.6e+06 
Cl I ,1389.957    ,1.7e+06 
Fe V ,1390.713    ,5.1e+07 
S III ,1390.726    ,8.56e+06 
Ni V ,1390.919    ,4.11e+08 
Fe V ,1390.972    ,5.8e+07 
Mn VI ,1391.173    ,5.2e+08 
Mn VI ,1391.218    ,8.0e+08 
Ni V ,1391.670    ,7.57e+07 
Fe III ,1391.792    ,1.4e+07 
Fe II ,1392.138    ,8.e+07 
Fe V ,1392.269    ,6.0e+07 
Al IV ,1392.33     ,3.15e+07 
Ni V ,1392.483    ,2.58e+08 
S I ,1392.5878   ,5.16e+05 
Fe V ,1392.941    ,4.5e+07 
Fe V ,1393.073    ,2.6e+08 
Fe II ,1393.217    ,2.1e+07 
Mg III ,1393.391    ,6.38e+08 
Al IV ,1393.42     ,1.24e+08 
Si IV ,1393.76     ,8.80e+08 
Fe III ,1394.019    ,1.3e+07 
Fe V ,1394.272    ,4.6e+08 
Mg IV ,1394.356    ,9.76e+07 
Ni V ,1394.375    ,4.35e+07 
Fe V ,1394.599    ,4.8e+08 
Fe V ,1394.665    ,5.7e+08 
Fe III ,1395.209    ,1.4e+07 
Fe V ,1395.442    ,1.3e+08 
Fe III ,1395.745    ,1.3e+07 
S I ,1396.1122   ,5.75e+05 
Cl I ,1396.527    ,1.5e+06 
Fe III ,1396.602    ,1.7e+07 
Mn VI ,1396.708    ,5.7e+08 
Fe V ,1397.106    ,4.0e+08 
Ni V ,1397.552    ,1.27e+08 
Fe V ,1397.753    ,1.05e+08 
Fe II ,1397.836    ,1.7e+08 
Fe V ,1397.972    ,2.1e+08 
Fe V ,1398.166    ,1.02e+07 
Fe II ,1398.378    ,1.8e+07 
Fe II ,1398.627    ,3.2e+06 
Fe II ,1399.055    ,1.9e+07 
Fe II ,1399.957    ,1.8e+07 
Fe V ,1400.243    ,7.4e+08 
Fe III ,1401.492    ,1.0e+07 
S I ,1401.5136   ,7.48e+07 
Fe V ,1401.535    ,3.0e+07 
Fe II ,1401.771    ,4.1e+07 
Al V ,1402.021    ,5.64e+08 
S III ,1402.053    ,2.67e+06 
Fe V ,1402.388    ,7.3e+08 
Fe V ,1402.388    ,9.1e+08 
S III ,1402.473    ,5.40e+06 
Si IV ,1402.77     ,8.63e+08 
Fe II ,1403.253    ,2.4e+07 
Fe V ,1403.370    ,2.0e+08 
Fe V ,1404.048    ,1.9e+07 
Fe V ,1404.260    ,2.1e+08 
Mg IV ,1404.663    ,1.32e+09 
Al IV ,1404.751    ,2.36e+08 
Mn VI ,1405.156    ,3.0e+08 
Mg III ,1405.170    ,1.54e+08 
Fe II ,1405.602    ,5.e+06 
Fe II ,1405.797    ,3.9e+07 
Fe V ,1406.669    ,8.5e+08 
Fe V ,1406.824    ,7.9e+08 
Fe V ,1407.007    ,1.3e+08 
Fe V ,1407.246    ,9.0e+08 
Fe II ,1407.482    ,1.9e+07 
Fe V ,1407.568    ,7.e+06 
Fe V ,1408.117    ,4.4e+08 
Mn VI ,1408.312    ,2.2e+08 
S III ,1408.339    ,3.09e+06 
S III ,1408.459    ,3.94e+06 
Fe II ,1408.473    ,8.e+07 
Fe V ,1408.801    ,5.5e+07 
Fe V ,1409.026    ,6.3e+08 
Fe II ,1409.125    ,6.e+06 
Fe V ,1409.220    ,7.7e+08 
Fe II ,1409.307    ,4.2e+07 
S I ,1409.3369   ,4.35e+07 
Mg IV ,1409.339    ,1.36e+09 
Fe V ,1409.451    ,8.7e+08 
Al IV ,1409.490    ,1.13e+08 
Mn II ,1409.51     ,2.8e+08 
Fe V ,1409.723    ,1.04e+08 
Fe V ,1409.846    ,1.7e+08 
Al VI ,1409.98     ,5.30e+07 
Si II ,1410.22     ,3.47e+08 
Fe V ,1411.069    ,3.1e+07 
Fe II ,1411.423    ,4.6e+06 
Fe II ,1411.481    ,2.7e+07 
Fe V ,1411.566    ,3.0e+08 
Al V ,1412.772    ,5.78e+08 
Fe II ,1412.834    ,1.4e+07 
S I ,1412.8726   ,1.42e+07 
Fe II ,1413.698    ,8.e+07 
Mg IV ,1413.868    ,3.30e+08 
Fe V ,1414.832    ,1.4e+08 
Fe II ,1414.880    ,1.7e+07 
Fe II ,1414.941    ,5.e+06 
Fe V ,1415.146    ,1.19e+08 
Mn II ,1415.15     ,2.9e+08 
Fe V ,1415.196    ,9.0e+08 
Mn II ,1415.75     ,1.2e+08 
Fe II ,1415.763    ,1.6e+07 
Al VI ,1416.05     ,2.74e+08 
Fe V ,1416.219    ,6.2e+08 
Fe II ,1416.629    ,1.1e+07 
Fe II ,1416.723    ,1.1e+07 
Fe V ,1416.832    ,4.5e+06 
Fe V ,1417.001    ,4.5e+07 
Si III ,1417.24     ,2.17e+09 
Fe II ,1417.467    ,6.e+06 
Al IV ,1417.558    ,3.23e+08 
Fe II ,1417.733    ,6.4e+07 
Fe V ,1418.123    ,6.0e+08 
Mn II ,1418.13     ,2.4e+08 
Mg IV ,1418.378    ,2.21e+08 
Na III ,1418.559    ,2.87e+07 
Na III ,1418.559    ,6.02e+08 
Fe V ,1419.293    ,4.4e+08 
Fe II ,1419.324    ,2.6e+07 
S VI ,1419.381    ,1.18e+08 
Fe II ,1419.446    ,8.e+06 
S VI ,1419.738    ,1.07e+09 
Fe II ,1419.779    ,6.e+06 
Fe V ,1420.124    ,3.2e+08 
Fe V ,1420.419    ,1.15e+08 
Fe V ,1420.465    ,2.7e+08 
Fe II ,1420.579    ,2.3e+07 
Fe V ,1420.602    ,4.4e+08 
Fe II ,1420.673    ,1.5e+07 
Fe V ,1420.749    ,8.8e+07 
Na III ,1420.885    ,5.73e+08 
Fe II ,1420.908    ,8.e+07 
Fe V ,1421.016    ,1.9e+08 
Fe II ,1421.178    ,9.e+06 
Fe II ,1421.364    ,8.e+06 
Fe II ,1421.469    ,1.5e+07 
Fe V ,1421.981    ,1.1e+07 
Fe II ,1422.085    ,9.e+06 
Mg III ,1422.118    ,1.80e+07 
Al IV ,1422.176    ,6.13e+07 
Fe III ,1422.303    ,1.2e+07 
Fe V ,1422.481    ,3.2e+08 
Fe II ,1422.531    ,4.5e+07 
Al VI ,1422.58     ,4.82e+08 
Fe II ,1423.045    ,1.0e+07 
S VI ,1423.845    ,1.19e+09 
Fe II ,1423.925    ,8.e+07 
Fe II ,1424.027    ,1.3e+08 
Fe II ,1424.306    ,4.1e+07 
Fe II ,1424.598    ,5.e+06 
Fe II ,1424.722    ,2.0e+07 
Fe II ,1424.784    ,1.1e+08 
Al IV ,1424.995    ,7.57e+07 
S I ,1425.0301   ,3.79e+08 
Fe V ,1425.088    ,1.6e+08 
S I ,1425.2190   ,1.05e+07 
Mn II ,1425.544    ,1.2e+08 
Mg IV ,1425.597    ,1.12e+09 
Fe II ,1425.611    ,1.1e+08 
Al V ,1425.64     ,2.12e+08 
Fe V ,1426.432    ,5.6e+06 
Fe II ,1427.165    ,2.5e+06 
Mg IV ,1427.710    ,1.34e+09 
Fe II ,1427.797    ,8.e+07 
Fe V ,1427.815    ,8.3e+07 
Fe II ,1427.879    ,6.8e+07 
Fe III ,1428.056    ,2.0e+07 
Fe V ,1428.090    ,4.0e+08 
Fe II ,1428.692    ,1.9e+08 
Fe V ,1429.004    ,2.2e+08 
Mg IV ,1429.166    ,2.48e+08 
Fe V ,1429.330    ,2.6e+07 
Fe V ,1429.472    ,5.2e+08 
Fe V ,1430.309    ,6.3e+08 
Al VI ,1430.52     ,3.72e+08 
Fe V ,1430.573    ,8.8e+08 
Fe V ,1430.751    ,2.5e+08 
Fe II ,1430.782    ,1.2e+08 
Fe II ,1430.895    ,1.3e+08 
Mn II ,1431.046    ,1.e+08 
Mg III ,1431.136    ,4.30e+08 
C I ,1431.597    ,2.1e+08 
Fe V ,1431.891    ,3.3e+07 
Al IV ,1431.935    ,8.25e+08 
C I ,1432.1070   ,2.0e+08 
Al VI ,1432.51     ,3.18e+08 
C I ,1432.530    ,2.1e+08 
Mg IV ,1432.767    ,9.91e+07 
Mn II ,1432.78     ,1.8e+08 
Fe II ,1432.820    ,8.e+06 
Fe II ,1432.872    ,4.1e+07 
Fe V ,1432.936    ,4.2e+07 
Fe V ,1432.936    ,3.1e+06 
S I ,1433.2800   ,2.81e+08 
S I ,1433.3105   ,1.56e+08 
Si III ,1433.69     ,8.67e+08 
O II ,1433.772    ,5.10e+06 
Mn II ,1434.44     ,1.e+08 
Mg IV ,1434.866    ,7.81e+08 
Fe II ,1434.995    ,1.9e+07 
Fe V ,1435.046    ,2.1e+08 
S IV ,1435.445    ,8.45e+07 
Mg III ,1435.550    ,3.04e+08 
Si III ,1435.77     ,4.22e+08 
Fe II ,1435.847    ,8.e+06 
O II ,1435.943    ,1.01e+07 
Si III ,1436.17     ,7.79e+08 
Fe II ,1436.439    ,5.e+06 
S I ,1436.9675   ,2.07e+08 
Mg IV ,1437.51     ,9.03e+08 
Mg IV ,1437.61     ,1.21e+09 
Mg IV ,1437.76     ,9.69e+07 
Fe II ,1438.132    ,1.9e+07 
Fe II ,1438.444    ,8.e+06 
Fe V ,1438.796    ,2.3e+08 
Fe V ,1439.052    ,7.8e+08 
O II ,1439.233    ,1.51e+07 
Fe II ,1439.424    ,3.4e+07 
Fe II ,1439.599    ,5.e+06 
Mg III ,1439.770    ,3.54e+07 
Fe II ,1440.522    ,8.e+06 
Fe V ,1440.528    ,7.2e+08 
Na III ,1440.775    ,3.26e+08 
Fe V ,1440.792    ,3.1e+08 
Fe V ,1441.049    ,6.5e+08 
Fe II ,1441.117    ,1.9e+07 
Fe II ,1441.574    ,9.e+07 
Fe II ,1441.726    ,3.4e+06 
Al IV ,1441.825    ,1.92e+08 
Fe II ,1442.104    ,9.e+06 
Al VI ,1442.17     ,5.30e+08 
Fe V ,1442.221    ,6.5e+08 
Fe II ,1442.277    ,1.4e+07 
Fe II ,1442.431    ,2.4e+07 
Fe II ,1442.746    ,1.8e+07 
S IV ,1442.977    ,2.26e+07 
Fe II ,1443.030    ,5.e+06 
Fe V ,1443.163    ,5.6e+07 
Fe II ,1443.735    ,2.0e+07 
Mg III ,1443.738    ,1.81e+08 
Na III ,1444.194    ,4.07e+08 
S I ,1444.2967   ,2.59e+06 
S IV ,1445.141    ,5.53e+07 
Fe II ,1445.398    ,1.4e+07 
Fe V ,1445.686    ,2.2e+08 
Na III ,1445.731    ,3.22e+08 
Al V ,1445.87     ,6.56e+08 
Fe V ,1445.910    ,6.1e+07 
Fe V ,1445.910    ,8.9e+07 
Mg III ,1446.254    ,4.15e+07 
Fe V ,1446.285    ,1.19e+08 
Fe V ,1446.618    ,6.4e+08 
S IV ,1446.767    ,2.41e+07 
S IV ,1446.767    ,1.83e+07 
Mg III ,1447.260    ,2.22e+08 
Mg IV ,1447.395    ,9.27e+08 
Al IV ,1447.512    ,3.16e+08 
Fe V ,1447.709    ,9.6e+07 
Na III ,1447.850    ,3.28e+08 
S I ,1448.2290   ,5.00e+08 
Fe II ,1448.397    ,1.1e+08 
Mg IV ,1448.456    ,6.94e+08 
Fe V ,1448.494    ,5.7e+08 
S IV ,1448.710    ,3.81e+07 
Na III ,1448.730    ,6.55e+08 
Fe V ,1448.846    ,6.3e+08 
Na III ,1449.311    ,5.12e+08 
Fe II ,1449.430    ,8.e+06 
Na VI ,1449.628    ,1.39e+07 
Fe V ,1449.757    ,5.2e+08 
Fe V ,1449.928    ,7.9e+08 
Fe II ,1450.022    ,1.0e+07 
Fe III ,1450.421    ,1.6e+07 
S IV ,1450.886    ,3.34e+07 
Fe V ,1451.103    ,1.8e+08 
Fe V ,1451.264    ,2.6e+08 
Mg IV ,1451.457    ,7.69e+07 
Fe II ,1451.990    ,6.2e+07 
Fe V ,1452.252    ,2.8e+08 
Fe V ,1452.252    ,1.6e+07 
Na III ,1452.911    ,2.03e+08 
Fe V ,1452.967    ,1.21e+08 
Fe V ,1453.618    ,6.1e+08 
Mg IV ,1454.171    ,1.29e+08 
Fe V ,1454.243    ,5.2e+08 
Fe II ,1454.311    ,5.9e+07 
Fe V ,1454.471    ,3.7e+06 
Al V ,1454.65     ,5.53e+07 
Fe V ,1454.701    ,1.32e+08 
Fe II ,1454.838    ,4.6e+06 
Mn II ,1454.97     ,2.5e+08 
Fe II ,1455.189    ,2.5e+06 
Fe III ,1455.193    ,1.0e+07 
Al V ,1455.265    ,5.87e+08 
Fe V ,1455.559    ,7.3e+08 
Fe V ,1456.161    ,5.9e+08 
Fe V ,1456.285    ,6.4e+08 
Fe II ,1456.471    ,1.1e+08 
Na IV ,1456.943    ,4.35e+08 
Mg IV ,1457.212    ,7.01e+08 
Si III ,1457.25     ,1.07e+09 
Fe V ,1457.727    ,4.2e+08 
Na III ,1457.939    ,3.14e+07 
Al IV ,1457.956    ,2.44e+08 
Mg III ,1458.172    ,3.21e+08 
C I ,1459.0311   ,5.5e+07 
Fe V ,1459.254    ,6.5e+08 
Fe II ,1459.303    ,8.e+07 
Mg IV ,1459.34     ,1.13e+08 
Mg IV ,1459.521    ,6.94e+08 
Mg IV ,1459.605    ,3.72e+08 
Fe V ,1459.763    ,4.9e+08 
Fe V ,1459.831    ,7.3e+08 
Al IV ,1460.168    ,5.47e+07 
Fe V ,1460.726    ,2.0e+08 
Fe V ,1461.050    ,1.3e+08 
Na III ,1461.153    ,1.12e+08 
Fe II ,1461.838    ,6.e+06 
Fe II ,1461.959    ,8.e+06 
Mg III ,1462.305    ,1.21e+08 
Fe II ,1462.322    ,5.e+06 
Fe V ,1462.631    ,6.0e+08 
Fe V ,1463.067    ,1.06e+07 
Fe II ,1463.207    ,4.2e+07 
Fe V ,1463.332    ,4.e+06 
C I ,1463.3370   ,1.79e+08 
Fe V ,1464.224    ,3.8e+07 
Mn II ,1464.572    ,1.e+08 
Fe V ,1464.683    ,7.2e+08 
Fe II ,1464.817    ,3.7e+06 
Fe V ,1464.876    ,6.3e+08 
Fe II ,1465.036    ,9.e+07 
Fe II ,1465.149    ,2.8e+06 
Fe III ,1465.309    ,9.e+07 
Fe III ,1465.309    ,5.6e+08 
Fe V ,1465.383    ,2.2e+08 
Fe V ,1465.383    ,6.1e+08 
Al V ,1465.392    ,2.02e+07 
Fe III ,1465.763    ,5.1e+08 
Fe III ,1465.82     ,1.1e+08 
Na III ,1465.926    ,6.04e+08 
Fe III ,1466.492    ,5.3e+08 
Mg IV ,1466.635    ,1.09e+08 
Fe V ,1466.649    ,4.9e+08 
Fe II ,1466.988    ,6.e+06 
Mg III ,1467.188    ,9.37e+07 
C I ,1467.406    ,5.49e+07 
Fe III ,1467.751    ,5.8e+08 
C I ,1467.877    ,5.e+05 
Na III ,1468.000    ,5.43e+08 
Mn II ,1468.03     ,1.0e+08 
C I ,1468.410    ,2.4e+06 
Fe III ,1468.526    ,6.e+07 
Fe II ,1468.609    ,3.9e+07 
Fe V ,1468.870    ,2.8e+07 
Fe V ,1468.911    ,2.0e+08 
Fe III ,1468.991    ,6.e+06 
Fe V ,1469.000    ,6.1e+08 
Fe II ,1469.256    ,9.e+06 
Fe II ,1469.380    ,1.2e+07 
Fe V ,1469.599    ,2.9e+07 
Fe II ,1469.678    ,1.1e+07 
Fe III ,1469.881    ,6.7e+08 
Fe II ,1470.013    ,2.4e+06 
C I ,1470.094    ,1.41e+06 
Fe II ,1470.166    ,5.e+06 
Fe II ,1470.203    ,5.e+06 
Fe II ,1470.449    ,4.1e+06 
Mg IV ,1470.777    ,6.90e+08 
Fe V ,1471.205    ,7.5e+07 
S IV ,1471.304    ,2.59e+07 
Fe V ,1471.331    ,3.6e+07 
S I ,1471.8320   ,2.49e+06 
Fe II ,1472.044    ,4.3e+07 
Fe V ,1472.098    ,5.9e+08 
C I ,1472.231    ,7.79e+05 
Cu II ,1472.3946   ,8.e+06 
Fe V ,1472.512    ,6.0e+08 
Fe II ,1472.629    ,1.1e+07 
Fe V ,1472.805    ,8.0e+07 
Mg IV ,1472.963    ,7.02e+07 
Fe II ,1473.609    ,5.e+06 
Fe II ,1473.8338   ,1.0e+08 
S I ,1473.9948   ,1.96e+08 
Fe V ,1474.275    ,5.5e+07 
S I ,1474.3800   ,4.88e+07 
Fe II ,1474.412    ,1.8e+07 
S I ,1474.5715   ,5.39e+06 
Fe II ,1474.716    ,1.2e+07 
